year,date,num_males,num_pairs,mean_temp,max_temp,min_temp,mean_rh,total_rainfall,prev_rainfall
2019,8-Jun,15,1,20.226,25.22,17.73,90.39,9.398,18.284
2019,9-Jun,,1,19.728,23.65,18.04,93.16,5.334,9.398
2019,10-Jun,12,1,19.124,24.09,16.93,93.04,39.37,5.334
2019,11-Jun,18,0,19.783,26.17,17.26,90.54,13.462,39.37
2019,12-Jun,20,2,19.7,24.78,17.34,89.34,14.478,13.462
2019,13-Jun,22,3,19.924,25.19,17.59,89.18,41.404,14.478
2019,14-Jun,9,0,20.54,25.11,18.08,89.2,0,41.404
2019,17-Jun,13,0,21.844,27.2,18.63,88.23,0,0
2019,18-Jun,35,3,21.375,26.36,19.05,90.8,2.032,0
2019,19-Jun,32,4,20.594,26.01,18.44,91.45,29.714,2.032
2019,20-Jun,22,3,20.384,24.51,18.3,91.85,0.254,29.714
2019,21-Jun,,2,20.348,25.44,17.93,89.72,6.35,0.254
2019,24-Jun,26,2,19.976,24.02,17.56,91.96,0,6.604
2019,25-Jun,27,3,20.792,26.41,17.65,88.65,3.048,0
2019,26-Jun,25,0,20.664,26.32,17.71,87.9,0.254,3.048
2019,27-Jun,25,0,20.793,25.88,18.07,87.84,0,0.254
2019,28-Jun,43,2,20.394,25.63,17.46,89.13,14.736,0
2019,29-Jun,,11,19.823,25.61,17.85,91.5,5.334,14.736
2019,30-Jun,27,0,19.885,23.79,17.48,91.22,9.652,5.334
2019,1-Jul,29,2,20.094,24.94,17.61,91.2,5.842,9.652
2019,2-Jul,28,3,19.78,23.74,17.73,91.65,1.524,5.842
2019,3-Jul,14,0,20.375,24.12,17.81,90.63,0,1.524
2019,5-Jul,21,0,20.564,27.08,17.33,83.31,2.794,0
2019,7-Jul,44,4,19.901,26.11,17.15,91.72,1.524,0.254
2019,8-Jul,47,12,19.523,24.44,17.72,91.08,1.778,1.524
2019,9-Jul,44,7,19.038,24.22,17.1,92.24,12.192,1.778
2019,10-Jul,35,6,19.822,25.49,17.5,90.01,7.366,12.192
2019,11-Jul,31,1,20.006,23.72,17.95,91.63,17.018,7.366
2019,14-Jul,31,2,18.958,21.46,16.71,93.62,5.334,11.176
2019,15-Jul,41,4,19.629,22.93,16.86,88.71,0.254,5.334
2021,17-Jun,41,5,19.817,25.86,17.23,91.44,4.572,5.334
2021,18-Jun,29,4,18.785,25.05,16.29,91.63,36.828,4.572
2021,19-Jun,21,1,19.979,25.5,17.25,89.44,11.176,36.828
2021,20-Jun,28,4,19.17,22.96,16.43,91.64,24.384,11.176
2021,21-Jun,31,3,18.86,23.4,16.68,84.64,2.286,24.384
2021,22-Jun,28,0,19.55,24.96,17.28,88.28,9.398,2.286
2021,23-Jun,23,,19.36,23.77,17.38,92.89,24.64,9.398
2021,24-Jun,18,1,19.956,25.1,17.22,90.86,0,24.64
2021,26-Jun,29,2,18.661,22.56,16.78,91.19,0.762,1.524
2021,27-Jun,30,0,19.594,24.03,17.1,85.67,5.842,0.762
2021,28-Jun,18,0,20.328,25.7,17.23,88.51,0,5.842
2021,29-Jun,22,0,20.607,25.39,17.82,90.2,0.762,0
2021,30-Jun,,7,18.82,22.91,16.13,90.05,13.716,0.762
2021,1-Jul,26,0,19.601,23.11,16.4,86.01,0,13.716
2021,2-Jul,43,3,19.109,23.4,17.37,92.97,3.048,0
2021,3-Jul,46,6,18.724,23.41,16.9,93.89,32.508,3.048
2021,4-Jul,25,4,19.499,25.3,17.2,88.82,10.668,32.508
2021,5-Jul,38,1,20.064,25.18,17.25,89.58,0.762,10.668
2021,6-Jul,17,0,20.302,23.43,17.35,91.15,0,0.762
2021,7-Jul,27,,20.298,24.48,18.22,91.79,0.254,0
2021,8-Jul,31,4,20.28,24.79,18.35,92.25,1.27,0.254
2021,9-Jul,26,2,19.999,24.7,17.38,90.41,0.508,1.27
2021,10-Jul,41,1,18.946,22.16,16.97,91.51,1.27,0.508
2021,11-Jul,44,,19.28,25.57,17.37,92.27,63.75,1.27
2021,16-Jul,30,,20.471,26.49,17.7,89.31,0.508,4.318
2021,17-Jul,44,,19.232,22.66,17.48,94.76,3.81,0.508
2021,22-Jul,,9,19.945,25.28,17.82,92.86,22.606,5.588
2022,22-Jun,30,3,18.732,23.61,17.2,94.45,4.572,23.368
2022,23-Jun,40,7,18.116,23.13,15.26,95.57,91.692,4.572
2022,25-Jun,31,3,18.816,23.65,16.36,92.64,16.002,26.162
2022,26-Jun,38,6,18.464,21.34,16.84,95.78,25.146,16.002
2022,27-Jun,51,4,18.19,22.74,16.67,92.53,16.002,25.146
2022,4-Jul,37,0,19.256,22.4,16.8,92.8,0,17.018
2022,5-Jul,24,0,19.787,22.82,17.48,91.67,0.254,0
2022,6-Jul,41,4,18.949,24.1,17.15,94.03,36.32,0.254
2022,8-Jul,29,0,20.057,23.54,17.87,92.76,0.254,0
2022,9-Jul,59,4,18.304,22.88,16.15,94.27,33.528,0.254
2022,11-Jul,38,5,19.052,24.11,16.16,92.58,37.592,35.558
2022,12-Jul,38,2,18.716,22.46,17.16,95.53,14.986,37.592
2022,13-Jul,47,7,18.452,22.6,16.89,94.98,27.94,14.986
2022,14-Jul,32,2,19.385,23.24,17.34,92.05,28.702,27.94
2022,15-Jul,48,3,19.53,23.81,16.81,93.68,0.254,28.702
2022,16-Jul,35,0,19.858,23.73,16.8,91.13,0,0.254
2022,18-Jul,63,2,19.374,23.71,17.67,95.11,17.018,0.508
2022,20-Jul,38,1,19.745,24.68,18.1,94.12,7.874,1.27
2024,13-Jun,52,1,19.47,25.53,17.33,94.64,4.572,13.208
2024,14-Jun,55,,18.362,22.72,17.12,97.29,36.576,4.572
2024,15-Jun,54,,17.628,21.16,16.49,97.39,19.05,36.576
2024,18-Jun,65,3,18.595,24.21,16.85,95.95,30.984,0.254
2024,20-Jun,50,1,19.205,23.71,17.25,90.81,0,0.254
2024,22-Jun,75,5,19.769,24.03,17.55,93.43,2.54,10.414
2024,25-Jun,74,5,18.328,23.56,16.42,96.23,25.91,0.508
2024,27-Jun,,6,17.784,21.38,16.66,96.66,28.194,70.614
2024,28-Jun,59,2,18.489,23.63,16.06,93.66,3.81,28.194
2024,30-Jun,54,1,19.633,23.08,17.2,93.34,5.334,8.636
2024,2-Jul,67,4,18.611,24.47,16.61,95.77,8.128,25.148
2024,4-Jul,61,3,19.476,25.65,16.76,92.29,6.858,20.574
2024,6-Jul,49,2,18.728,23.13,17.13,93.33,2.794,42.674
2024,8-Jul,25,0,20.496,24.69,18.52,93.5,0.254,0.508
2024,10-Jul,45,7,19.807,25.16,17.2,91.56,6.35,1.016
2024,12-Jul,18,0,20.25,25.86,17.05,89.1,0,8.636
2024,15-Jul,81,0,20.256,26.46,17.42,93.54,18.542,0.762
2024,16-Jul,30,0,20.951,27.35,17.57,89.96,1.778,18.542
2024,17-Jul,69,5,19.311,24.84,17.17,93.62,32.508,1.778
2024,18-Jul,72,4,18.624,23.7,16.67,95.32,20.574,32.508
2024,20-Jul,56,0,19.802,24.94,17.7,93.71,1.016,9.652
2024,22-Jul,45,0,19.796,24.4,17.37,93.37,2.032,0.254
2025,4-Jun,67,5,18.618,22.72,16.59,95.01,15.748,1.524
2025,5-Jun,71,4,18.886,25.42,16.33,92.2,9.652,15.748
2025,6-Jun,65,3,19.925,25.84,17.37,92.68,0.508,9.652
2025,7-Jun,85,1,19.989,25.02,17.68,93.78,2.54,0.508
2025,8-Jun,81,5,18.784,23.9,15.88,95.23,24.388,2.54
2025,10-Jun,73,0,18.852,25.88,15.55,90.95,13.208,25.146
2025,11-Jun,94,2,18.45,23.54,16.79,95.8,21.844,13.208
2025,12-Jun,81,1,18.165,21.55,16.49,96.57,24.384,21.844
2025,13-Jun,72,6,17.918,22.13,16.19,95.94,39.37,24.384
2025,14-Jun,86,7,18.617,25.58,16.23,94.15,15.24,39.37
2025,15-Jun,79,5,19.398,25.45,16.62,92.83,21.59,15.24
2025,17-Jun,61,1,19.115,23.19,16.34,90.24,0,41.91
2025,19-Jun,39,0,20.02,25.47,17.85,92.79,0,0
2025,20-Jun,62,2,20.637,26.11,18.31,91.76,0.508,0
2025,21-Jun,90,12,18.616,21.76,17.32,97.07,24.894,0.508
2025,23-Jun,88,6,19.119,24.13,16.76,93.09,2.54,57.148
2025,26-Jun,93,4,18.109,22.24,16.28,94.76,14.478,77.474
2025,27-Jun,88,6,19.01,24.26,16.44,89.19,17.522,14.478
2025,28-Jun,57,2,19.27,22.9,17.14,91.51,4.572,17.522
2025,30-Jun,51,0,19.676,24.84,17.85,94.3,0.508,0
2025,1-Jul,81,3,19.816,24.26,15.27,93.08,1.524,0.508
2025,3-Jul,86,4,19.572,23.43,17,92.9,1.524,0
2025,4-Jul,106,3,18.825,25.57,15.96,93.85,2.54,1.524
2025,5-Jul,91,9,18.076,21.78,16.28,96.05,18.034,2.54
2025,7-Jul,90,2,19.14,26.3,16.66,93.29,9.652,1.016
2025,8-Jul,45,0,20.08,25.85,16.76,89.09,0,9.652
2025,10-Jul,87,8,18.789,24.79,16.23,93.78,5.334,41.656
2025,11-Jul,69,1,18.94,22.46,16.66,93.38,0,5.334
2025,12-Jul,36,1,18.961,22.52,15.84,94.7,0.254,0
2025,14-Jul,51,0,20.157,26.43,17.04,90.29,0.254,11.938
2025,15-Jul,22,0,20.636,27.4,16.33,84.42,0,0.254
2025,16-Jul,33,0,21.293,28.13,16.34,85.08,0,0
2025,18-Jul,87,5,21.082,26.93,18.01,89.67,10.922,0
2025,19-Jul,96,4,20.473,24.26,17.32,85.15,0.254,10.922
2025,21-Jul,53,0,20.435,26.53,17.62,90.03,0,1.778
2025,22-Jul,90,4,18.618,24.44,16.46,94.01,10.668,0
2025,23-Jul,77,3,19.448,24.69,16.66,90.57,0.508,10.668
2025,25-Jul,107,4,18.812,25.27,16.94,93.63,22.1,0